Polish,Dutch,English,Correct,False,Date added,Residuals
rzesień,['september'],['September'],16,49,2018-09-08,-13.032011840965502
październik,['oktober'],['October'],13,39,2018-09-08,-11.125931806747325
więc,['dus'],['so'],0,9,2019-03-26,-7.898128616641049
oraz,['en'],['and'],0,7,2019-03-26,-7.143347072915176
nawet,['zelfs'],['even'],2,10,2019-03-26,-7.03030093222986
grudzień,['december'],['December'],5,14,2018-09-08,-6.672036335270416
odprowadzić,['brengen'],['to bring'],5,13,2018-09-12,-6.294645563407478
jednak,['echter'],['however'],4,10,2019-03-26,-5.785082475955733
korzystać,['gebruiken'],['to use'],6,13,2018-09-09,-5.672036335270416
cierpliwy,['geduldig'],['patient'],12,22,2018-09-11,-5.332897913214463
sierpień,['augustus'],['August'],3,7,2018-09-08,-5.2755193885039855
styczeń,['januari'],['January'],21,36,2018-09-08,-5.012885666062008
zacząć,['beginnen'],['to begin'],7,12,2018-09-12,-4.672036335270416
w środku,['in het midden'],['in the middle'],5,8,2018-08-29,-4.4076917040927945
po,['na'],['after'],23,36,2018-08-31,-3.7676672097878807
jeżyna,['braam'],['blackberry'],7,8,2019-03-14,-3.162473247818669
móc,['kunnen'],['being able'],6,6,2018-09-09,-3.03030093222986
sprawa,['ding'],['thing'],6,6,2019-03-26,-3.03030093222986
wtorek,['dinsdag'],['tuesday'],5,4,2018-08-30,-2.898128616641049
wyjście,['uitgang'],['exit'],5,4,2018-08-24,-2.898128616641049
prawy,['rechts'],['right'],5,4,2018-08-24,-2.898128616641049
wiedzieć,['weten'],['to know'],5,3,2019-03-26,-2.520737844778113
zostać,['blijven'],['to stay'],5,3,2019-03-26,-2.520737844778113
prawda,['waarheid'],['truth'],9,9,2018-09-10,-2.294645563407478
pchać,['duwen'],['to push'],8,7,2018-08-24,-2.162473247818669
obudzić,['opstaan'],['getting up'],8,7,2018-08-24,-2.162473247818669
sałata,['sla'],['lettuce'],5,2,2019-03-14,-2.1433470729151756
płeć,['geslacht'],['sex'],10,10,2018-08-29,-2.0494271071333507
czerwiec,['juni'],['June'],10,10,2018-09-08,-2.0494271071333507
znać,['kennen'],['to know'],6,3,2019-03-13,-1.8981286166410491
mieszkać,['wonen'],['to live'],6,3,2018-09-11,-1.8981286166410491
pióro,['veer'],['feather'],8,6,2018-08-27,-1.7850824759557327
ciepły,['warm'],['warm'],8,6,2018-08-24,-1.7850824759557327
przychodzić,['komen'],['to come'],10,9,2018-09-09,-1.6720363352704162
na szczęście,['gelukkig'],['happy'],10,9,2018-09-08,-1.6720363352704162
wszystek,['alle'],['all the'],7,4,2019-03-26,-1.6529101603669218
jeśli,['als'],['if'],7,4,2018-09-10,-1.6529101603669218
czwarty,['vierde'],['fourth'],7,4,2018-08-31,-1.6529101603669218
trudny,['moeilijk'],['difficult'],12,12,2018-09-09,-1.5589901945850997
żołądek,['maag'],['stomach'],6,2,2018-09-09,-1.5207378447781128
daleko,['ver'],['far'],6,2,2018-09-09,-1.5207378447781128
setny,['honderdste'],['hundredth'],8,5,2018-08-31,-1.4076917040927945
orzech ziemny,['pinda'],['peanut'],8,5,2019-03-13,-1.4076917040927945
zegar,['klok'],['clock'],7,3,2018-09-09,-1.2755193885039855
żółty,['geel'],['yellow'],7,3,2018-09-11,-1.2755193885039855
dla palących,['roken'],['smoke'],7,3,2018-08-24,-1.2755193885039855
zdania,['zinnen'],['sentences'],9,6,2018-08-27,-1.162473247818669
mieć,['hebben'],['to have'],6,1,2019-03-26,-1.1433470729151756
rodzaj męski,['mannelijk'],['male'],6,1,2018-08-24,-1.1433470729151756
po południu,"[""'s middags""]",['in the afternoon'],8,4,2018-08-24,-1.03030093222986
panie,['dames'],['ladies'],8,4,2018-08-24,-1.03030093222986
borówka,['bosbes'],['blueberry'],8,4,2019-03-14,-1.03030093222986
kiedy,['wanneer'],['when'],10,7,2018-09-10,-0.9172547915445417
proszę pozdrowić,['doe de groeten aan'],['send regards to'],10,7,2018-08-25,-0.9172547915445417
proszę wejść,['kom binnen'],['come in'],7,2,2018-08-25,-0.8981286166410491
dynia,['pompoen'],['pumpkin'],7,2,2019-03-14,-0.8981286166410491
może,['misschien'],['maybe'],7,2,2018-08-29,-0.8981286166410491
trzysta,['driehonderd'],['three hundred'],7,2,2018-08-31,-0.8981286166410491
pomarańczowy,['oranje'],['orange'],7,2,2018-09-11,-0.8981286166410491
niedziela,['zondag'],['sunday'],7,2,2018-08-30,-0.8981286166410491
ostrzeżenie,['waarschuwing'],['warning'],9,5,2018-08-24,-0.7850824759557327
grzyb,['paddestoel'],['mushroom'],6,0,2019-03-11,-0.7659563010522392
czy mówi pan (pani) po angielsku?,['spreekt u Engels?'],['do you speak English?'],6,0,2018-08-25,-0.7659563010522392
ogórek,['komkommer'],['cucumber'],6,0,2019-03-14,-0.7659563010522392
utalentowany,['getalenteerd'],['talented'],6,0,2018-09-11,-0.7659563010522392
kukurydza,['mais'],['corn'],6,0,2019-03-14,-0.7659563010522392
czosnek,['knoflook'],['garlic'],6,0,2019-03-14,-0.7659563010522392
ja jem,['ik eet'],['I eat'],6,0,2019-03-11,-0.7659563010522392
herbata,['thee'],['tea'],6,0,2018-09-09,-0.7659563010522392
ryba,['vis'],['fish'],6,0,2018-09-09,-0.7659563010522392
śliwka,['pruim'],['plum'],6,0,2019-03-14,-0.7659563010522392
pogoda,['weer'],['weather'],6,0,2018-08-29,-0.7659563010522392
szczególnie,['bijzonder'],['special'],14,13,2018-09-12,-0.691162510173907
znaczyć,['betekenen'],['to mean'],11,8,2018-09-12,-0.6720363352704162
miły,['aardig'],['kind'],11,8,2018-08-27,-0.6720363352704162
nauczycielka,['leraar'],['teacher'],8,3,2018-09-09,-0.6529101603669218
trzeci,['derde'],['third'],8,3,2018-08-31,-0.6529101603669218
sześćdziesiąt,['zestig'],['sixty'],8,3,2018-08-31,-0.6529101603669218
dziś po południu,['vanmiddag'],['this afternoon'],8,3,2018-08-24,-0.6529101603669218
środa,['woensdag'],['wednesday'],8,3,2018-08-30,-0.6529101603669218
dziewiętnaście,['negentien'],['nineteen'],8,3,2018-08-30,-0.6529101603669218
orzech laskowy,['hazelnoot'],['hazelnut'],8,3,2019-03-13,-0.6529101603669218
imię,['voornaam'],['first name'],8,3,2018-08-24,-0.6529101603669218
trzydziesty,['dertigste'],['thirtyth'],8,3,2018-08-31,-0.6529101603669218
zbieram,['ik pluk'],['I pick'],8,3,2019-03-14,-0.6529101603669218
czy to jest Adam?,['is dat Adam?'],['is that Adam?'],8,3,2018-08-24,-0.6529101603669218
nigdy,['nooit'],['never'],8,3,2018-09-10,-0.6529101603669218
proszę bardzo,['alstublieft'],['please'],8,3,2018-08-24,-0.6529101603669218
zdrowy,['gezond'],['healthy'],8,3,2018-09-11,-0.6529101603669218
łatwy,['makkelijk'],['easy'],10,6,2018-09-09,-0.5398640196816054
czasownika,['werkwoord'],['verb'],10,6,2018-08-24,-0.5398640196816054
nalewam,['ik giet'],['I pour'],10,6,2019-03-13,-0.5398640196816054
wyprzedaż,['uitverkoop'],['sale'],10,6,2018-08-24,-0.5398640196816054
racjonalny,['rationeel'],['rational'],7,1,2018-09-11,-0.5207378447781128
bluzka,['blouse'],['blouse'],7,1,2018-09-12,-0.5207378447781128
rodzaj żeński,['vrouwelijk'],['female'],7,1,2018-08-24,-0.5207378447781128
czy,['of'],['whether'],7,1,2018-08-22,-0.5207378447781128
pada,['het regent'],['it is raining'],7,1,2018-08-29,-0.5207378447781128
ubikacje,"[""wc's"", ""toiletten""]",['toilets'],7,1,2018-08-24,-0.5207378447781128
chcieć,['willen'],['to want'],7,1,2018-09-10,-0.5207378447781128
łódź,['boot'],['boat'],7,1,2018-08-24,-0.5207378447781128
bilety,['kaartjes'],['tickets'],7,1,2018-08-24,-0.5207378447781128
osiem,['acht'],['eight'],7,1,2018-08-30,-0.5207378447781128
dwanaście,['twaalf'],['twelve'],7,1,2018-08-30,-0.5207378447781128
dwadzieścia jeden,['eenentwintig'],['twenty one'],7,1,2018-08-30,-0.5207378447781128
biuro,['bureau'],['bureau'],7,1,2018-08-24,-0.5207378447781128
dziesięć tysięcy,['tienduizend'],['ten thousand'],7,1,2018-08-31,-0.5207378447781128
jedenasty,['elfde'],['eleventh'],7,1,2018-08-31,-0.5207378447781128
dziesiąty,['tiende'],['tenth'],7,1,2018-08-31,-0.5207378447781128
woda niezdatna do picia,['water niet geschikt te drinken'],['water not suitable to drink'],7,1,2018-08-24,-0.5207378447781128
było bardzo przyjemnie,['het was erg leuk'],['it was very nice'],7,1,2018-08-25,-0.5207378447781128
piętnasty,['vijftiende'],['fifteenth'],7,1,2018-08-31,-0.5207378447781128
tysięczny,['duizendste'],['thousandth'],7,1,2018-08-31,-0.5207378447781128
kucharz,['kok'],['cook'],7,1,2018-09-09,-0.5207378447781128
uśmiech,['lach'],['laugh'],7,1,2018-08-27,-0.5207378447781128
marzec,['maart'],['March'],7,1,2018-09-08,-0.5207378447781128
granica,['grens'],['border'],7,1,2018-09-11,-0.5207378447781128
brzoskwinia,['perzik'],['peach'],9,4,2019-03-14,-0.40769170409279454
czterdzieści,['veertig'],['fourty'],9,4,2018-08-31,-0.40769170409279454
dziś w nocy,['vannacht'],['this night'],9,4,2018-08-24,-0.40769170409279454
miesiąc,['maand'],['month'],9,4,2018-09-06,-0.40769170409279454
puszka,['blik'],['can'],11,7,2018-09-12,-0.29464556340747805
widokówka,['kaart'],['card'],11,7,2018-09-12,-0.29464556340747805
jak to się nazywa po polsku?,['hoe heet dit in het Pools?'],['what is this called in Polish?'],8,2,2018-08-25,-0.2755193885039855
dlaczego,['waarom'],['why'],8,2,2018-09-10,-0.2755193885039855
samolot,['vliegtuig'],['plane'],8,2,2018-09-11,-0.2755193885039855
lekarz,['dokter'],['doctor'],8,2,2018-09-09,-0.2755193885039855
naprzeciwko,['tegenover'],['opposite'],8,2,2018-08-29,-0.2755193885039855
rozumiem to,['Ik begrijp het'],['I understand'],8,2,2018-08-25,-0.2755193885039855
a pan (pani)?,['en met u?'],['and with you?'],8,2,2018-08-25,-0.2755193885039855
samolub,['egoïst'],['egoist'],8,2,2018-11-07,-0.2755193885039855
poniedziałek,['maandag'],['monday'],8,2,2018-08-30,-0.2755193885039855
piesi,['voetgangers'],['pedestrians'],8,2,2018-08-24,-0.2755193885039855
granice,['grenzen'],['borders'],8,2,2018-09-11,-0.2755193885039855
morela,['abrikoos'],['apricot'],8,2,2019-03-14,-0.2755193885039855
o co chodzi?,['wat is er?'],['what is going on?'],8,2,2018-08-25,-0.2755193885039855
ciało,['lichaam'],['body'],13,10,2018-09-09,-0.18159942272216156
nazwisko,['achternaam'],['surname'],13,10,2018-08-29,-0.18159942272216156
oczywiście,['natuurlijk'],['of course'],13,10,2018-09-06,-0.18159942272216156
jasny,['licht'],['light'],10,5,2018-09-11,-0.162473247818669
wczoraj,['gisteren'],['yesterday'],10,5,2018-09-06,-0.162473247818669
smutny,['treurig'],['sad'],10,5,2018-08-27,-0.162473247818669
sam,['alleen'],['alone'],10,5,2018-09-12,-0.162473247818669
mleko,['melk'],['milk'],7,0,2019-03-13,-0.14334707291517557
rzodkiewka,['radijs'],['radish'],7,0,2019-03-14,-0.14334707291517557
spotykam,['ik ontmoet'],['I meet'],7,0,2019-03-13,-0.14334707291517557
fioletowy,['violet'],['violet'],7,0,2018-09-11,-0.14334707291517557
otwarte,['open'],['open'],7,0,2018-08-24,-0.14334707291517557
kolor,['kleur'],['color'],7,0,2018-09-11,-0.14334707291517557
bardzo,['zeer'],['a lot'],7,0,2018-09-10,-0.14334707291517557
sześć,['zes'],['six'],7,0,2018-08-30,-0.14334707291517557
kola,['cola'],['coke'],7,0,2019-03-13,-0.14334707291517557
jaki dziś dzień?,['welke dag is het vandaag?'],['what day is it today?'],7,0,2018-08-30,-0.14334707291517557
hamburger,['hamburger'],['hamburger'],7,0,2019-03-13,-0.14334707291517557
pomidor,['tomaat'],['tomata'],7,0,2019-03-14,-0.14334707291517557
ale nonsens,['wat een onzin'],['what a nonsense'],7,0,2018-08-30,-0.14334707291517557
piję,['ik drink'],['I drink'],7,0,2019-03-13,-0.14334707291517557
łyżka,['lepel'],['spoon'],7,0,2018-08-24,-0.14334707291517557
napój gazowany,['frisdrank'],['soda'],7,0,2019-03-13,-0.14334707291517557
ty,['jij'],['you'],7,0,2018-09-10,-0.14334707291517557
bułka,['broodje'],['sandwich'],7,0,2018-08-30,-0.14334707291517557
cebula,['ui'],['onion'],7,0,2019-03-14,-0.14334707291517557
tak,['ja'],['yes'],7,0,2018-08-29,-0.14334707291517557
piją,['zij drinken'],['they drink'],7,0,2019-03-13,-0.14334707291517557
dwudziesty drugi,['tweeentwintigste'],['twenty second'],7,0,2018-08-31,-0.14334707291517557
różowy,['roze'],['pink'],7,0,2018-09-11,-0.14334707291517557
i,['en'],['and'],7,0,2018-09-10,-0.14334707291517557
ja gotuję,['ik kook'],['I cook'],7,0,2019-03-11,-0.14334707291517557
piąty,['vijfde'],['fifth'],7,0,2018-08-31,-0.14334707291517557
sekunda,['seconde'],['second'],7,0,2018-09-09,-0.14334707291517557
za późno,['te laat'],['too late'],7,0,2018-08-31,-0.14334707291517557
cześć,['hallo'],['hi'],7,0,2019-03-13,-0.14334707291517557
tysiąc sto,['elfhonderd'],['thousand one hundred'],7,0,2018-08-31,-0.14334707291517557
witam,['welkom'],['welcome'],7,0,2018-08-25,-0.14334707291517557
musieć,['moeten'],['to have to'],7,0,2019-03-26,-0.14334707291517557
sok,['sap'],['juice'],7,0,2019-03-13,-0.14334707291517557
zimny,['koud'],['cold'],7,0,2018-08-24,-0.14334707291517557
gorąca czekolada,['warme chocolademelk'],['hot chocolate'],7,0,2019-03-13,-0.14334707291517557
arbuz,['watermeloen'],['watermelon'],7,0,2019-03-14,-0.14334707291517557
robić,['doen'],['to do'],7,0,2018-09-09,-0.14334707291517557
nie mam teraz czasu,['ik heb nu geen tijd'],"[""I don't have time right now""]",7,0,2018-09-06,-0.14334707291517557
cztery,['vier'],['four'],7,0,2018-08-30,-0.14334707291517557
dwadzieścia,['twintig'],['twenty'],7,0,2018-08-30,-0.14334707291517557
niebieski,['blauw'],['blue'],7,0,2018-09-11,-0.14334707291517557
sto jeden,['honderdeneen'],['hundred and one'],7,0,2018-08-31,-0.14334707291517557
nieczynny,['gesloten'],['closed'],7,0,2018-08-29,-0.14334707291517557
śniadanie,['ontbijt'],['breakfast'],7,0,2019-03-11,-0.14334707291517557
szesnaście,['zestien'],['sixteen'],7,0,2018-08-30,-0.14334707291517557
uwaga,['let op'],['watch out'],7,0,2018-08-24,-0.14334707291517557
kolorowy,['gekleurd'],['colored'],7,0,2018-09-11,-0.14334707291517557
łosoś,['zalm'],['salmon'],7,0,2019-03-13,-0.14334707291517557
siedemset,['zevenhonderd'],['seven hundred'],7,0,2018-08-31,-0.14334707291517557
malina,['framboos'],['raspberry'],7,0,2019-03-14,-0.14334707291517557
co,['wat'],['what'],7,0,2018-09-10,-0.14334707291517557
mówić,['spreken'],['to speak'],7,0,2019-03-26,-0.14334707291517557
nowe,['nieuw'],['new'],7,0,2018-08-27,-0.14334707291517557
dwa,['twee'],['two'],7,0,2018-08-29,-0.14334707291517557
cukier,['suiker'],['sugar'],7,0,2019-03-11,-0.14334707291517557
trochę,['een beetje'],['a bit'],7,0,2018-09-10,-0.14334707291517557
pięćset,['vijfhonderd'],['five hundred'],7,0,2018-08-31,-0.14334707291517557
ojciec,['vader'],['father'],7,0,2018-08-22,-0.14334707291517557
pytanie,['vraag'],['question'],7,0,2018-08-24,-0.14334707291517557
zielony,['groen'],['green'],7,0,2018-09-11,-0.14334707291517557
zarezerwowany,['gereserveerd'],['reserved'],7,0,2018-08-24,-0.14334707291517557
mówie trochę po polsku,['ik spreek een beetje Pools'],['I speak a bit of Polish'],7,0,2018-08-24,-0.14334707291517557
romantyczny,['romantisch'],['romantic'],7,0,2018-09-11,-0.14334707291517557
małoletni,['minderjarig'],['minor'],7,0,2018-08-24,-0.14334707291517557
dwadzieścia dwa,['tweeentwintig'],['twenty two'],7,0,2018-08-30,-0.14334707291517557
dom,['huis'],['house'],7,0,2018-08-27,-0.14334707291517557
rok,['jaar'],['year'],7,0,2018-09-06,-0.14334707291517557
gruszka,['peer'],['pear'],7,0,2019-03-14,-0.14334707291517557
milion,['miljoen'],['million'],7,0,2018-08-31,-0.14334707291517557
dziewięćset,['negenhonderd'],['nine hundred'],7,0,2018-08-31,-0.14334707291517557
rodzaj nijaki,['onzijdig'],['neutral'],7,0,2018-08-24,-0.14334707291517557
dwudziesty,['twintigste'],['twentyth'],7,0,2018-08-31,-0.14334707291517557
pół godziny,['een half uur'],['half an hour'],7,0,2018-08-31,-0.14334707291517557
marchew,['wortel'],['carrot'],7,0,2018-09-11,-0.14334707291517557
melon spadziowy,['honingmeloen'],['honeydew melon'],7,0,2019-03-14,-0.14334707291517557
tysiąc,['duizend'],['thousand'],7,0,2018-08-31,-0.14334707291517557
jabłko,['appel'],['apple'],7,0,2018-09-12,-0.14334707291517557
ser,['kaas'],['cheese'],7,0,2018-08-27,-0.14334707291517557
brat,['broer'],['brother'],7,0,2018-08-24,-0.14334707291517557
napój,['drankje'],['drink'],7,0,2019-03-13,-0.14334707291517557
basen,['zwembad'],['pool'],7,0,2018-08-24,-0.14334707291517557
menedżer,['manager'],['manager'],7,0,2018-09-09,-0.14334707291517557
jogurt,['yoghurt'],['yogurt'],7,0,2019-03-13,-0.14334707291517557
okej,['okay'],['ok'],7,0,2019-03-13,-0.14334707291517557
woda mineralna,['mineraalwater'],['mineral water'],7,0,2019-03-13,-0.14334707291517557
jajko,['ei'],['egg'],7,0,2019-03-11,-0.14334707291517557
stare,['oud'],['old'],7,0,2018-08-27,-0.14334707291517557
lata,['jaar'],['year'],7,0,2019-03-26,-0.14334707291517557
kolory,['kleuren'],['colors'],7,0,2018-09-11,-0.14334707291517557
winogrono,['druif'],['grape'],7,0,2019-03-14,-0.14334707291517557
rodzina,['gezin'],['family'],7,0,2018-08-24,-0.14334707291517557
kiełbasa,['worst'],['sausage'],7,0,2019-03-13,-0.14334707291517557
impreza,['feest'],['party'],7,0,2019-03-08,-0.14334707291517557
samochód,['auto'],['car'],7,0,2018-09-11,-0.14334707291517557
nie lubisz tańczyć?,['houd je niet van dansen?'],"[""don't you like dancing?""]",7,0,2018-09-06,-0.14334707291517557
dziś,['vandaag'],['today'],7,0,2018-08-24,-0.14334707291517557
iść prosto,['rechtdoor gaan'],['going straight'],7,0,2018-09-06,-0.14334707291517557
kapusta,['kool'],['cabbage'],7,0,2019-03-14,-0.14334707291517557
gorąco,['heet'],['hot'],7,0,2018-08-29,-0.14334707291517557
bagaż,['bagage'],['baggage'],7,0,2018-09-11,-0.14334707291517557
kto to jest?,['wie is dat?'],['who is that?'],7,0,2018-08-24,-0.14334707291517557
ziemniak,['aardappel'],['potato'],7,0,2019-03-14,-0.14334707291517557
sobota,['zaterdag'],['saturday'],7,0,2018-08-30,-0.14334707291517557
bekon,['bacon'],['bacon'],7,0,2019-03-13,-0.14334707291517557
zamknięty,['gesloten'],['closed'],7,0,2018-08-24,-0.14334707291517557
siedemnaście,['zeventien'],['seventeen'],7,0,2018-08-30,-0.14334707291517557
trzy,['drie'],['three'],7,0,2018-08-24,-0.14334707291517557
pijecie,['jullie drinken'],['you drink'],7,0,2019-03-13,-0.14334707291517557
banan,['banaan'],['banana'],7,0,2019-03-14,-0.14334707291517557
ryż,['rijst'],['rice'],7,0,2019-03-14,-0.14334707291517557
kurczak,['kip'],['chicken'],7,0,2018-09-09,-0.14334707291517557
ja,['ik'],['I'],7,0,2018-09-10,-0.14334707291517557
dziś wieczorem,['vanavond'],['this evening'],7,0,2018-08-24,-0.14334707291517557
prosto,['rechtdoor'],['straight ahead'],7,0,2018-08-29,-0.14334707291517557
piętnaście,['vijftien'],['fifteen'],7,0,2018-08-30,-0.14334707291517557
owoce,['fruit'],['fruits'],7,0,2019-03-11,-0.14334707291517557
osiemnaście,['achttien'],['eightteen'],7,0,2018-08-30,-0.14334707291517557
pijesz,['jij drinkt'],['you drink'],7,0,2019-03-13,-0.14334707291517557
czwartek,['donderdag'],['thursday'],7,0,2018-08-30,-0.14334707291517557
miłej podróży,['goede reis'],['have a good trip'],7,0,2018-09-11,-0.14334707291517557
plan miasta,['plattegrond'],['city map'],7,0,2018-09-11,-0.14334707291517557
woda,['water'],['water'],7,0,2018-09-09,-0.14334707291517557
dwudziesty pierwszy,['eenentwintigste'],['twenty first'],7,0,2018-08-31,-0.14334707291517557
długopis,['pen'],['pen'],7,0,2018-09-08,-0.14334707291517557
być,['zijn'],['to be'],7,0,2018-08-22,-0.14334707291517557
ósmy,['achtste'],['eighth'],7,0,2018-08-31,-0.14334707291517557
jeden,['een'],['one'],7,0,2018-08-29,-0.14334707291517557
dziesięć,['tien'],['ten'],7,0,2018-08-30,-0.14334707291517557
osiemnasty,['achttiende'],['eightteenth'],7,0,2018-08-31,-0.14334707291517557
pierwsza pomoc,['eerste hulp'],['first aid'],7,0,2018-08-24,-0.14334707291517557
pół,['de helft'],['half'],7,0,2018-08-29,-0.14334707291517557
minuta,['minuut'],['minute'],7,0,2018-09-09,-0.14334707291517557
masło,['boter'],['butter'],7,0,2019-03-13,-0.14334707291517557
widelec,['vork'],['fork'],7,0,2019-03-11,-0.14334707291517557
piątek,['vrijdag'],['friday'],7,0,2018-08-30,-0.14334707291517557
w starczy,['genoeg'],['enough'],12,8,2018-09-09,-0.049427107133350745
pełny,['vol'],['full'],12,8,2018-08-24,-0.049427107133350745
szczęśliwej podróży,['goede reis'],['travel well'],9,3,2018-08-29,-0.030300932229859967
spieszę się,"['ik heb haast', 'ik haast me']",['i am in a hurry'],9,3,2018-08-25,-0.030300932229859967
panowie,['heren'],['gentlemen'],9,3,2018-08-24,-0.030300932229859967
o której?,['hoe laat?'],['what time?'],9,3,2018-08-31,-0.030300932229859967
raz,['een'],['one'],9,3,2018-08-29,-0.030300932229859967
ręka,['hand'],['hand'],9,3,2018-09-09,-0.030300932229859967
to jest moja walizka,['dit is mijn koffer'],['this is my suitcase'],9,3,2018-09-06,-0.030300932229859967
luty,['februari'],['February'],9,3,2018-09-08,-0.030300932229859967
jak on się nazywa?,['hoe heet hij?'],['what is he called?'],9,3,2018-08-25,-0.030300932229859967
urząd miejski,['stadhuis'],['city hall'],9,3,2018-08-24,-0.030300932229859967
dziewięćdziesiąt,['negentig'],['ninety'],9,3,2018-08-31,-0.030300932229859967
głowa,['hoofd'],['head'],9,3,2018-09-09,-0.030300932229859967
brzydki,['lelijk'],['ugly'],14,11,2018-09-09,0.06361903355196574
pod,['onder'],['beneath'],11,6,2018-08-29,0.0827452084554583
grzeczny,['lief'],['kind'],11,6,2018-08-27,0.0827452084554583
lipiec,['juli'],['July'],11,6,2018-09-08,0.0827452084554583
zepsute,['kapot'],['broken'],11,6,2018-09-11,0.0827452084554583
list,['brief'],['letter'],8,1,2018-09-12,0.10187138335895085
bez,['zonder'],['without'],8,1,2018-09-10,0.10187138335895085
talerz,['bord'],['plate'],8,1,2018-09-12,0.10187138335895085
jestem Holendrem,['ik ben Nederlander'],['I am from the Netherlands'],8,1,2018-08-25,0.10187138335895085
wszystko,['alles'],['everything'],8,1,2018-09-09,0.10187138335895085
ciastka,['gebak'],['cake'],8,1,2018-08-30,0.10187138335895085
ciemny,['donker'],['dark'],8,1,2018-09-11,0.10187138335895085
go,['hem'],['him'],8,1,2018-09-10,0.10187138335895085
serdecznie dziękuję za gościnę,['hartelijk dank voor de gastvrijheid'],['thank you very much for the hospitality'],8,1,2018-08-25,0.10187138335895085
siódmy,['zevende'],['seventh'],8,1,2018-08-31,0.10187138335895085
torty,['taart'],['pie'],8,1,2018-08-30,0.10187138335895085
nóż,['mes'],['knife'],8,1,2018-08-24,0.10187138335895085
chyba,['waarschijnlijk'],['probably'],8,1,2018-09-10,0.10187138335895085
szary,['grijs'],['grey'],8,1,2018-09-11,0.10187138335895085
pieprz,['peper'],['pepper'],8,1,2018-11-07,0.10187138335895085
codziennie,['elke dag'],['every day'],8,1,2018-08-27,0.10187138335895085
migdał,['amandel'],['almond'],8,1,2019-03-13,0.10187138335895085
pokój do wynajęcia,['kamer te huur'],['room for rent'],8,1,2018-08-24,0.10187138335895085
powiedzieć,['vertellen'],['to tell'],8,1,2019-03-26,0.10187138335895085
dziewięć,['negen'],['nine'],8,1,2018-08-30,0.10187138335895085
bardzo dobrze,['heel goed'],['very well'],8,1,2018-08-25,0.10187138335895085
kierunek,['richting'],['direction'],8,1,2018-08-24,0.10187138335895085
fasola,['boon'],['bean'],8,1,2019-03-14,0.10187138335895085
siedemnasty,['zeventiende'],['seventeenth'],8,1,2018-08-31,0.10187138335895085
nie wiem,['ik weet het niet'],"[""I don't know""]",8,1,2018-08-29,0.10187138335895085
portier,['concierge'],['concierge'],8,1,2018-08-24,0.10187138335895085
brązowy,['bruin'],['brown'],8,1,2018-09-11,0.10187138335895085
podróżować,['reizen'],['to travel'],8,1,2018-09-11,0.10187138335895085
góra,['berg'],['mountain'],8,1,2018-09-12,0.10187138335895085
toalety,['toiletten'],['toilets'],8,1,2018-08-24,0.10187138335895085
biuro podróży,['reisbureau'],['travel agency'],8,1,2018-08-24,0.10187138335895085
osiemdziesięt,['tachtig'],['eighty'],8,1,2018-08-31,0.10187138335895085
co pan (pani) mówi?,['wat zegt u?'],['what are you saying?'],8,1,2018-08-24,0.10187138335895085
siedemdziesiąt,['zeventig'],['seventy'],8,1,2018-08-31,0.10187138335895085
to się zgadza,['dat klopt'],['that is correct'],8,1,2018-09-06,0.10187138335895085
wszędzie,['overal'],['everywhere'],13,9,2018-08-29,0.19579134914077656
dwieście,['tweehonderd'],['two hundred'],13,9,2018-08-31,0.19579134914077656
wolny,['vrij'],['free'],10,4,2018-08-24,0.21491752404426734
czterysta,['vierhonderd'],['four hundred'],10,4,2018-08-31,0.21491752404426734
okienko,['balie'],['counter'],10,4,2018-09-12,0.21491752404426734
zajęty,['bezet'],['occupied'],10,4,2018-08-24,0.21491752404426734
tydzień,['week'],['week'],10,4,2018-09-06,0.21491752404426734
czy mógłby pan to powtórzyć?,['wilt u dat herhalen?'],['could you repeat that?'],10,4,2018-08-25,0.21491752404426734
stopa,['voet'],['foot'],10,4,2018-09-09,0.21491752404426734
jak pan (pani) się miewa?,['hoe gaat het met u?'],['how are you?'],10,4,2018-08-25,0.21491752404426734
przedwczoraj,['eergisteren'],['the day before yesterday'],10,4,2018-09-06,0.21491752404426734
zachmurzenie,['bewolking'],['clouds'],12,7,2018-08-29,0.3279636647295838
naprawdę,['echt'],['really'],12,7,2018-09-10,0.3279636647295838
słowo,['woord'],['word'],12,7,2018-08-25,0.3279636647295838
lewy,['links'],['left'],9,2,2018-08-24,0.34708983963307816
piasek,['zand'],['sand'],9,2,2018-08-24,0.34708983963307816
trzynasty,['dertiende'],['thirteenth'],9,2,2018-08-31,0.34708983963307816
szkoda,['jammer'],['unfortunate'],9,2,2018-08-30,0.34708983963307816
trzynaście,['dertien'],['thirteen'],9,2,2018-08-30,0.34708983963307816
wiatr,['wind'],['wind'],9,2,2018-08-29,0.34708983963307816
pierwszy,['eerste'],['first'],9,2,2018-08-31,0.34708983963307816
za wcześnie,['te vroeg'],['too early'],9,2,2018-08-31,0.34708983963307816
wolny dzień,['vrije dag'],['free day'],9,2,2018-08-31,0.34708983963307816
jutro wyjeżdżam,"['Ik vertrek morgen', 'Morgen vertrek ik']",['I leave tomorrow'],9,2,2018-09-11,0.34708983963307816
dla niepalących,['niet roken'],"[""don't smoke""]",9,2,2018-08-24,0.34708983963307816
palec,['vinger'],['finger'],9,2,2018-09-09,0.34708983963307816
mieszkanie,['woning'],['flat'],9,2,2018-08-24,0.34708983963307816
dziewiętnasty,['negentiende'],['nineteenth'],9,2,2018-08-31,0.34708983963307816
dziewiąty,['negende'],['nineth'],9,2,2018-08-31,0.34708983963307816
przed,['voor'],['before'],14,10,2018-08-31,0.4410098054149003
czternasty,['veertiende'],['fourteenth'],11,5,2018-08-31,0.46013598031839464
pięćdziesiąt,['vijftig'],['fifty'],11,5,2018-08-31,0.46013598031839464
kwiecień,['april'],['April'],28,33,2018-09-08,0.4775512464862466
oliwka,['olijf'],['olive'],8,0,2019-03-14,0.4792621552218872
pije,['hij drinkt'],['he drinks'],8,0,2019-03-13,0.4792621552218872
noga,['been'],['leg'],8,0,2018-09-09,0.4792621552218872
do zobaczenia,['tot ziens'],['see you'],8,0,2018-08-25,0.4792621552218872
która godzina?,['hoe laat is het?'],['what time is it?'],8,0,2018-08-31,0.4792621552218872
i,['en'],['and'],8,0,2019-03-13,0.4792621552218872
lekcja,['les'],['lecture'],8,0,2018-08-24,0.4792621552218872
orzech włoski,['walnoot'],['walnut'],8,0,2019-03-13,0.4792621552218872
dobrze,['goed'],['good'],8,0,2018-08-29,0.4792621552218872
iść,['gaan'],['to go'],8,0,2018-09-09,0.4792621552218872
chłopiec,['jongen'],['boy'],8,0,2019-03-13,0.4792621552218872
ananas,['ananas'],['pineapple'],8,0,2019-03-14,0.4792621552218872
recepcja,['receptie'],['reception'],8,0,2018-08-29,0.4792621552218872
pijemy,['wij drinken'],['we drink'],8,0,2019-03-13,0.4792621552218872
makaron,['macaroni'],['pasta'],8,0,2019-03-13,0.4792621552218872
dziewczyna,['meisje'],['girl'],8,0,2019-03-13,0.4792621552218872
pięć,['vijf'],['five'],8,0,2018-08-30,0.4792621552218872
ale,['maar'],['but'],8,0,2018-09-10,0.4792621552218872
szynka,['ham'],['ham'],8,0,2019-03-13,0.4792621552218872
sześćset,['zeshonderd'],['six hundred'],8,0,2018-08-31,0.4792621552218872
rzeczowników,['zelfstandig naamwoord'],['noun'],8,0,2018-08-22,0.4792621552218872
cytryna,['citroen'],['lemon'],8,0,2019-03-11,0.4792621552218872
ładny,['mooi'],['beautiful'],8,0,2018-08-24,0.4792621552218872
siedem,['zeven'],['seven'],8,0,2018-08-30,0.4792621552218872
wiśnia,['kers'],['cherry'],8,0,2019-03-14,0.4792621552218872
syn,['zoon'],['son'],8,0,2018-08-22,0.4792621552218872
koń,['paard'],['horse'],8,0,2018-08-24,0.4792621552218872
łobuz,,['rascal'],8,0,2018-11-07,0.4792621552218872
mecz,['wedstrijd'],['match'],8,0,2018-08-24,0.4792621552218872
śmiać się,['lachen'],['to laugh'],8,0,2018-09-09,0.4792621552218872
kokos,['kokosnoot'],['coconut'],8,0,2019-03-13,0.4792621552218872
zapłącić,['betalen'],['to pay'],8,0,2018-09-06,0.4792621552218872
duży,['groot'],['large'],8,0,2018-08-24,0.4792621552218872
czternaście,['veertien'],['fourteen'],8,0,2018-08-30,0.4792621552218872
tylko,,['only'],8,0,2018-09-10,0.4792621552218872
wino,['wijn'],['wine'],8,0,2018-09-09,0.4792621552218872
osiemset,['achthonderd'],['eight hundred'],8,0,2018-08-31,0.4792621552218872
biały,['wit'],['white'],8,0,2018-09-11,0.4792621552218872
chleb,['brood'],['bread'],8,0,2018-08-24,0.4792621552218872
kalendarz,['kalender'],['calendar'],8,0,2018-09-09,0.4792621552218872
marchew,['wortel'],['carrot'],8,0,2019-03-14,0.4792621552218872
klimatyzacja,"['airconditioning', 'airco']",['air conditioning'],8,0,2018-09-12,0.4792621552218872
dania gorące,,['hot meals'],8,0,2018-08-30,0.4792621552218872
szósty,['zesde'],['sixth'],8,0,2018-08-31,0.4792621552218872
sto,['honderd'],['hundred'],8,0,2018-08-24,0.4792621552218872
truskawka,['aardbei'],['strawberry'],8,0,2019-03-14,0.4792621552218872
godzina,['uur'],['hour'],8,0,2018-09-09,0.4792621552218872
jedenaście,['elf'],['eleven'],8,0,2018-08-30,0.4792621552218872
pietruszka,['peterselie'],['parsley'],8,0,2019-03-14,0.4792621552218872
zero,['nul'],['zero'],8,0,2018-08-29,0.4792621552218872
brokuł,['broccoli'],['broccoli'],8,0,2019-03-14,0.4792621552218872
mężczyzna,['man'],['man'],8,0,2019-03-13,0.4792621552218872
jak pan (pani) się nazywa?,['hoe heet u?'],['how are you called?'],8,0,2018-08-25,0.4792621552218872
jutro,['morgen'],['tomorrow'],8,0,2018-08-24,0.4792621552218872
kobieta,['vrouw'],['woman'],8,0,2019-03-13,0.4792621552218872
nie dotykać,['niet aanraken'],"[""don't touch""]",8,0,2018-08-24,0.4792621552218872
plaża,['strand'],['beach'],8,0,2018-08-24,0.4792621552218872
pistacja,['pistache'],['pistachio'],8,0,2019-03-13,0.4792621552218872
tu,['hier'],['here'],8,0,2018-08-24,0.4792621552218872
zupa,['soep'],['soup'],8,0,2019-03-11,0.4792621552218872
wieczorem,"[""'s avonds""]",['in the evening'],8,0,2018-08-22,0.4792621552218872
kiwi,['kiwi'],['kiwi'],8,0,2019-03-14,0.4792621552218872
szesnasty,['zestiende'],['sixteenth'],8,0,2018-08-31,0.4792621552218872
lód,['ijs'],['ice'],8,0,2018-08-24,0.4792621552218872
sok pomarańczowy,['sinaasappelsap'],['orange juice'],8,0,2019-03-13,0.4792621552218872
trzydzieści,['dertig'],['thirty'],8,0,2018-08-31,0.4792621552218872
maj,['mei'],['May'],8,0,2018-09-08,0.4792621552218872
czerwony,['rood'],['red'],8,0,2018-09-11,0.4792621552218872
nie,['nee'],['no'],8,0,2018-08-29,0.4792621552218872
burak,['rode biet'],['beetroot'],8,0,2018-09-12,0.4792621552218872
dwa tysiące,['tweeduizend'],['two thousand'],8,0,2018-08-31,0.4792621552218872
widzieć,['zien'],['to see'],8,0,2018-09-09,0.4792621552218872
biernik,['accusatief'],['accusativus'],8,0,2018-08-22,0.4792621552218872
lub,['of'],['or'],8,0,2019-03-13,0.4792621552218872
kalafior,['bloemkool'],['cauliflower'],8,0,2019-03-14,0.4792621552218872
mamy,['we hebben'],['we have'],8,0,2018-09-10,0.4792621552218872
z,['van'],['from'],13,8,2018-09-10,0.5731821210037111
blisko,['dichtbij'],['near'],13,8,2018-09-09,0.5731821210037111
zgoda,['afgesproken'],['deal'],10,3,2018-08-25,0.5923082959072055
to się nie zgadza,['dat klopt niet'],['that is not correct'],10,3,2018-09-06,0.5923082959072055
dwunasty,['twaalfde'],['twelfth'],10,3,2018-08-31,0.5923082959072055
miło mi pana (panią) poznać,['aangenaam kennis met u te maken'],['nice to meet you'],10,3,2018-08-25,0.5923082959072055
czy mogę panu (pani) zaproponować coś do picia?,['mag ik u iets te drinken aanbieden?'],['can I offer you something to drink?'],10,3,2018-08-25,0.5923082959072055
zawsze,['altijd'],['always'],15,11,2018-09-12,0.6862282616890276
do,['naar'],['to'],12,6,2018-09-10,0.705354436592522
zawód,['beroep'],['profession'],12,6,2018-08-29,0.705354436592522
sadzawka,['vijver'],['pond'],12,6,2018-11-07,0.705354436592522
podróż,['reis'],['journey'],12,6,2018-09-11,0.705354436592522
cukiernia,['banketbakkerij'],['bakery'],9,1,2018-11-07,0.7244806114960145
piętro,['verdieping'],['level'],9,1,2018-08-24,0.7244806114960145
chwileczkę,['een moment'],['a moment'],9,1,2018-08-25,0.7244806114960145
mądry,['verstandig'],['wise'],11,4,2018-08-27,0.837526752181331
dorośli,['volwassenen'],['adults'],11,4,2018-08-24,0.837526752181331
czarny,['zwart'],['black'],11,4,2018-09-11,0.837526752181331
zły,['slecht'],['bad'],10,2,2018-08-27,0.96969906777014
dziś rano,['vanochtend'],['this morning'],10,2,2018-08-22,0.96969906777014
pyszne,['heerlijk'],['delicious'],15,10,2018-09-09,1.0636190335519657
listopad,['november'],['November'],15,10,2018-09-08,1.0636190335519657
"przy, u",['bij'],['with'],15,10,2018-08-29,1.0636190335519657
dziękuję,['dank u'],['thank you'],9,0,2019-03-13,1.1018713833589509
dobranoc,['goedenacht'],['good night'],9,0,2018-08-29,1.1018713833589509
mianownik,['nominatief'],['nominativus'],9,0,2018-08-22,1.1018713833589509
kot,['kat'],['cat'],9,0,2018-08-22,1.1018713833589509
drugi,['tweede'],['second'],9,0,2018-08-31,1.1018713833589509
mąż,['echtgenoot'],['husband'],9,0,2018-08-22,1.1018713833589509
ołowek,['potlood'],['pencil'],17,13,2018-08-27,1.1766651742372822
przyjazd,['aankomst'],['arrival'],14,8,2018-08-24,1.1957913491407766
powoli,['langzaam'],['slow'],14,8,2018-08-24,1.1957913491407766
na,['op'],['on top of'],14,8,2018-08-29,1.1957913491407766
gruby,['vet'],['fat'],14,8,2018-09-11,1.1957913491407766
kto,['wie'],['who'],10,1,2018-08-22,1.3470898396330782
w nocy,"[""'s nachts""]",['at night'],10,1,2018-08-22,1.3470898396330782
wiadomość,['bericht'],['message'],12,4,2018-08-24,1.4601359803183946
wczoraj w nocy,['afgelopen nacht'],['last night'],12,4,2018-08-22,1.4601359803183946
nieświeży,['bedorven'],['spoiled'],17,12,2018-09-12,1.5540559461002168
czynny,['open'],['open'],14,7,2018-08-24,1.5731821210037111
łóżko,['bed'],['bed'],14,7,2018-09-12,1.5731821210037111
strach,['angst'],['fear'],11,2,2018-08-24,1.5923082959072055
czy mógłby pan wolniej mówić?,['wilt u langzaam spreken?'],['could you speak slowly?'],13,5,2018-08-25,1.705354436592522
miło mi pana (panią) widzieć,['ik ben blij u te zien'],['I am glad to see you'],13,5,2018-08-25,1.705354436592522
dziecko,['kind'],['child'],10,0,2018-08-22,1.7244806114960145
bo,['omdat'],['because'],18,13,2018-09-10,1.799274402374344
naprzeciw,['tegen'],['against'],18,13,2018-08-29,1.799274402374344
rynek,['markt'],['market'],12,3,2018-08-24,1.837526752181331
czas,['tijd'],['time'],12,3,2018-08-24,1.837526752181331
o,['om'],['at'],17,11,2018-08-31,1.931446717963155
samoobsługa,['zelfbediening'],['self service'],11,1,2018-08-24,1.96969906777014
wesoły,['vrolijk'],['happy'],19,14,2018-08-27,2.0444928586484714
przed,['voor'],['in front of'],18,12,2018-08-29,2.1766651742372822
wcześnie,['vroeg'],['early'],15,7,2018-08-24,2.1957913491407766
przejście,['doorgang'],['passage'],15,7,2018-08-24,2.1957913491407766
odpowiedź,['antwoord'],['answer'],20,15,2018-09-12,2.2897113149225987
piwo,['bier'],['beer'],11,0,2018-09-09,2.347089839633078
rodzice,['ouders'],['parents'],11,0,2018-08-22,2.347089839633078
żona,['echtgenote'],['wife'],12,1,2018-08-22,2.5923082959072055
wejście,['ingang'],['entrance'],14,4,2018-08-24,2.705354436592522
"przy, koło",['naast'],['next to'],16,7,2018-08-29,2.8184005772778384
miejscownik,['locatief'],['locativus'],15,5,2018-08-22,2.9505728928666493
liczba mnoga,['meervoud'],['plural'],12,0,2018-08-22,2.96969906777014
pan,['heer'],['sir'],12,0,2018-08-22,2.96969906777014
mięso,['vlees'],['meat'],12,0,2018-09-09,2.96969906777014
(ja) się nazywam Rodger,['ik heet Rodger'],['my name is Rodger'],12,0,2018-08-22,2.96969906777014
kawa,['koffie'],['coffee'],12,0,2018-08-24,2.96969906777014
co to znaczy?,['wat betekent dat?'],['what does that mean?'],17,8,2018-08-25,3.0636190335519657
rano,"[""'s ochtends""]",['in the morning'],14,3,2018-08-22,3.0827452084554583
w,['in'],['in'],22,16,2018-08-29,3.157538999333788
chory,['ziek'],['sick'],16,6,2018-08-24,3.1957913491407766
wolacz,['vocatief'],['vocativus'],13,1,2018-08-22,3.2149175240442673
stacja,['station'],['station'],13,1,2018-08-24,3.2149175240442673
przez,['via'],['via'],18,9,2018-08-29,3.308837489826093
pies,['hond'],['dog'],13,0,2018-08-22,3.5923082959072055
to,"['dit', 'dat']","['this', 'that']",13,0,2018-08-22,3.5923082959072055
czy mógłby pan zapisać mi ten adres?,['wilt u dat adres voor mij opschrijven?'],['could you write down that address for me?'],19,9,2018-08-25,3.931446717963155
córka,['dochter'],['daughter'],14,0,2018-08-22,4.214917524044267
narzednik,['ablatief'],['ablativus'],25,18,2018-08-22,4.270585140019104
dopełniacz,['genitief'],['genitivus'],16,2,2018-08-22,4.705354436592522
dzwon,['bel'],['bell'],20,8,2018-08-24,4.931446717963155
pani,['dame'],['lady'],16,1,2018-08-22,5.082745208455458
przystojny,['knap'],['handsome'],22,10,2018-08-27,5.4218836305114095
celownik,['datief'],['dativus'],27,15,2018-08-22,6.6479759118820425
liczby pojedynczej,['enkelvoud'],['singular'],25,5,2018-08-22,9.176665174237282
rodzica,['ouder'],['parent'],22,0,2018-08-22,9.195791349140777
